lr-Adam,step,train_loss,epoch,val_loss,val_acc,val_auc,test_loss,test_acc,test_auc
0.001,49,,,,,,,,
,49,1.4086847305297852,0,,,,,,
0.001,99,,,,,,,,
,99,1.322860598564148,0,,,,,,
0.001,149,,,,,,,,
,149,1.0478566884994507,0,,,,,,
0.001,199,,,,,,,,
,199,1.0120887756347656,0,,,,,,
0.001,249,,,,,,,,
,249,0.9044687151908875,0,,,,,,
0.001,299,,,,,,,,
,299,0.8601553440093994,0,,,,,,
0.001,349,,,,,,,,
,349,0.8276797533035278,0,,,,,,
,351,,0,0.8773584365844727,0.7021191716194153,0.9539662599563599,,,
0.001,399,,,,,,,,
,399,0.7652971148490906,1,,,,,,
0.001,449,,,,,,,,
,449,0.7780230045318604,1,,,,,,
0.001,499,,,,,,,,
,499,0.6537438035011292,1,,,,,,
0.001,549,,,,,,,,
,549,0.5566353797912598,1,,,,,,
0.001,599,,,,,,,,
,599,0.6655159592628479,1,,,,,,
0.001,649,,,,,,,,
,649,0.6105661988258362,1,,,,,,
0.001,699,,,,,,,,
,699,0.6587872505187988,1,,,,,,
,703,,1,0.4355863630771637,0.8499600291252136,0.9868425726890564,,,
0.001,749,,,,,,,,
,749,0.5775669813156128,2,,,,,,
0.001,799,,,,,,,,
,799,0.5397301316261292,2,,,,,,
0.001,849,,,,,,,,
,849,0.5553112626075745,2,,,,,,
0.001,899,,,,,,,,
,899,0.4354376792907715,2,,,,,,
0.001,949,,,,,,,,
,949,0.5218486785888672,2,,,,,,
0.001,999,,,,,,,,
,999,0.45265692472457886,2,,,,,,
0.001,1049,,,,,,,,
,1049,0.4374256432056427,2,,,,,,
,1055,,2,0.40032413601875305,0.8623550534248352,0.989213764667511,,,
0.001,1099,,,,,,,,
,1099,0.45425963401794434,3,,,,,,
0.001,1149,,,,,,,,
,1149,0.4064047932624817,3,,,,,,
0.001,1199,,,,,,,,
,1199,0.46082305908203125,3,,,,,,
0.001,1249,,,,,,,,
,1249,0.3776818811893463,3,,,,,,
0.001,1299,,,,,,,,
,1299,0.36887288093566895,3,,,,,,
0.001,1349,,,,,,,,
,1349,0.46150070428848267,3,,,,,,
0.001,1399,,,,,,,,
,1399,0.4368634521961212,3,,,,,,
,1407,,3,0.25018057227134705,0.9148340821266174,0.9945105910301208,,,
0.001,1449,,,,,,,,
,1449,0.4918566942214966,4,,,,,,
0.001,1499,,,,,,,,
,1499,0.48405158519744873,4,,,,,,
0.001,1549,,,,,,,,
,1549,0.34049588441848755,4,,,,,,
0.001,1599,,,,,,,,
,1599,0.3750377297401428,4,,,,,,
0.001,1649,,,,,,,,
,1649,0.34177935123443604,4,,,,,,
0.001,1699,,,,,,,,
,1699,0.41485363245010376,4,,,,,,
0.001,1749,,,,,,,,
,1749,0.42163586616516113,4,,,,,,
,1759,,4,0.5275258421897888,0.8424630165100098,0.9932794570922852,,,
0.001,1799,,,,,,,,
,1799,0.3026394546031952,5,,,,,,
0.001,1849,,,,,,,,
,1849,0.44068291783332825,5,,,,,,
0.001,1899,,,,,,,,
,1899,0.36312493681907654,5,,,,,,
0.001,1949,,,,,,,,
,1949,0.3610285520553589,5,,,,,,
0.001,1999,,,,,,,,
,1999,0.33937326073646545,5,,,,,,
0.001,2049,,,,,,,,
,2049,0.36381393671035767,5,,,,,,
0.001,2099,,,,,,,,
,2099,0.35035085678100586,5,,,,,,
,2111,,5,0.16949130594730377,0.9441223740577698,0.9968140721321106,,,
0.001,2149,,,,,,,,
,2149,0.3758683204650879,6,,,,,,
0.001,2199,,,,,,,,
,2199,0.26837393641471863,6,,,,,,
0.001,2249,,,,,,,,
,2249,0.2561712861061096,6,,,,,,
0.001,2299,,,,,,,,
,2299,0.2576445937156677,6,,,,,,
0.001,2349,,,,,,,,
,2349,0.4130103886127472,6,,,,,,
0.001,2399,,,,,,,,
,2399,0.3456003665924072,6,,,,,,
0.001,2449,,,,,,,,
,2449,0.33252274990081787,6,,,,,,
,2463,,6,0.15098141133785248,0.9511195421218872,0.99777752161026,,,
0.001,2499,,,,,,,,
,2499,0.34435322880744934,7,,,,,,
0.001,2549,,,,,,,,
,2549,0.34773552417755127,7,,,,,,
0.001,2599,,,,,,,,
,2599,0.3140178620815277,7,,,,,,
0.001,2649,,,,,,,,
,2649,0.2876092493534088,7,,,,,,
0.001,2699,,,,,,,,
,2699,0.22509729862213135,7,,,,,,
0.001,2749,,,,,,,,
,2749,0.30632373690605164,7,,,,,,
0.001,2799,,,,,,,,
,2799,0.2922670543193817,7,,,,,,
,2815,,7,0.1410655379295349,0.952019214630127,0.9977681040763855,,,
0.001,2849,,,,,,,,
,2849,0.26605749130249023,8,,,,,,
0.001,2899,,,,,,,,
,2899,0.3129189908504486,8,,,,,,
0.001,2949,,,,,,,,
,2949,0.22383683919906616,8,,,,,,
0.001,2999,,,,,,,,
,2999,0.25450599193573,8,,,,,,
0.001,3049,,,,,,,,
,3049,0.27026399970054626,8,,,,,,
0.001,3099,,,,,,,,
,3099,0.23206909000873566,8,,,,,,
0.001,3149,,,,,,,,
,3149,0.23333193361759186,8,,,,,,
,3167,,8,0.15401722490787506,0.9454218149185181,0.9980382919311523,,,
0.001,3199,,,,,,,,
,3199,0.26682037115097046,9,,,,,,
0.001,3249,,,,,,,,
,3249,0.31438949704170227,9,,,,,,
0.001,3299,,,,,,,,
,3299,0.26604530215263367,9,,,,,,
0.001,3349,,,,,,,,
,3349,0.26924628019332886,9,,,,,,
0.001,3399,,,,,,,,
,3399,0.2638092041015625,9,,,,,,
0.001,3449,,,,,,,,
,3449,0.19567906856536865,9,,,,,,
0.001,3499,,,,,,,,
,3499,0.1960745006799698,9,,,,,,
,3519,,9,0.1750580221414566,0.9409236311912537,0.9978527426719666,,,
0.001,3549,,,,,,,,
,3549,0.19973444938659668,10,,,,,,
0.001,3599,,,,,,,,
,3599,0.21809324622154236,10,,,,,,
0.001,3649,,,,,,,,
,3649,0.2160601019859314,10,,,,,,
0.001,3699,,,,,,,,
,3699,0.2732674181461334,10,,,,,,
0.001,3749,,,,,,,,
,3749,0.18253470957279205,10,,,,,,
0.001,3799,,,,,,,,
,3799,0.23561662435531616,10,,,,,,
0.001,3849,,,,,,,,
,3849,0.2447662204504013,10,,,,,,
,3871,,10,0.1032552644610405,0.9669132232666016,0.9985599517822266,,,
0.001,3899,,,,,,,,
,3899,0.2035454362630844,11,,,,,,
0.001,3949,,,,,,,,
,3949,0.23999708890914917,11,,,,,,
0.001,3999,,,,,,,,
,3999,0.21732719242572784,11,,,,,,
0.001,4049,,,,,,,,
,4049,0.2198263257741928,11,,,,,,
0.001,4099,,,,,,,,
,4099,0.1767287254333496,11,,,,,,
0.001,4149,,,,,,,,
,4149,0.1373869776725769,11,,,,,,
0.001,4199,,,,,,,,
,4199,0.26352179050445557,11,,,,,,
,4223,,11,0.08751542866230011,0.972411036491394,0.998770534992218,,,
0.001,4249,,,,,,,,
,4249,0.13251373171806335,12,,,,,,
0.001,4299,,,,,,,,
,4299,0.17516286671161652,12,,,,,,
0.001,4349,,,,,,,,
,4349,0.19975271821022034,12,,,,,,
0.001,4399,,,,,,,,
,4399,0.16705037653446198,12,,,,,,
0.001,4449,,,,,,,,
,4449,0.1768973171710968,12,,,,,,
0.001,4499,,,,,,,,
,4499,0.1723979115486145,12,,,,,,
0.001,4549,,,,,,,,
,4549,0.21619467437267303,12,,,,,,
,4575,,12,0.09869346022605896,0.9668132662773132,0.9988307356834412,,,
0.001,4599,,,,,,,,
,4599,0.15239937603473663,13,,,,,,
0.001,4649,,,,,,,,
,4649,0.28684794902801514,13,,,,,,
0.001,4699,,,,,,,,
,4699,0.15752150118350983,13,,,,,,
0.001,4749,,,,,,,,
,4749,0.18291601538658142,13,,,,,,
0.001,4799,,,,,,,,
,4799,0.13818691670894623,13,,,,,,
0.001,4849,,,,,,,,
,4849,0.16713061928749084,13,,,,,,
0.001,4899,,,,,,,,
,4899,0.19840286672115326,13,,,,,,
,4927,,13,0.08395160734653473,0.972411036491394,0.9989147782325745,,,
0.001,4949,,,,,,,,
,4949,0.15448594093322754,14,,,,,,
0.001,4999,,,,,,,,
,4999,0.13773395121097565,14,,,,,,
0.001,5049,,,,,,,,
,5049,0.2239450365304947,14,,,,,,
0.001,5099,,,,,,,,
,5099,0.12331735342741013,14,,,,,,
0.001,5149,,,,,,,,
,5149,0.17232437431812286,14,,,,,,
0.001,5199,,,,,,,,
,5199,0.13904142379760742,14,,,,,,
0.001,5249,,,,,,,,
,5249,0.2314213216304779,14,,,,,,
,5279,,14,0.1252422332763672,0.9594162106513977,0.9987279772758484,,,
0.001,5299,,,,,,,,
,5299,0.14114956557750702,15,,,,,,
0.001,5349,,,,,,,,
,5349,0.1479262411594391,15,,,,,,
0.001,5399,,,,,,,,
,5399,0.156212717294693,15,,,,,,
0.001,5449,,,,,,,,
,5449,0.1454133689403534,15,,,,,,
0.001,5499,,,,,,,,
,5499,0.19979263842105865,15,,,,,,
0.001,5549,,,,,,,,
,5549,0.1508554220199585,15,,,,,,
0.001,5599,,,,,,,,
,5599,0.1725001484155655,15,,,,,,
,5631,,15,0.07502269744873047,0.9739104509353638,0.9990249276161194,,,
0.001,5649,,,,,,,,
,5649,0.12431101500988007,16,,,,,,
0.001,5699,,,,,,,,
,5699,0.1724070906639099,16,,,,,,
0.001,5749,,,,,,,,
,5749,0.15275919437408447,16,,,,,,
0.001,5799,,,,,,,,
,5799,0.1664125919342041,16,,,,,,
0.001,5849,,,,,,,,
,5849,0.14417095482349396,16,,,,,,
0.001,5899,,,,,,,,
,5899,0.1601184606552124,16,,,,,,
0.001,5949,,,,,,,,
,5949,0.16973954439163208,16,,,,,,
,5983,,16,0.07359082996845245,0.9754098653793335,0.9991163611412048,,,
0.001,5999,,,,,,,,
,5999,0.10694444179534912,17,,,,,,
0.001,6049,,,,,,,,
,6049,0.15512779355049133,17,,,,,,
0.001,6099,,,,,,,,
,6099,0.16475118696689606,17,,,,,,
0.001,6149,,,,,,,,
,6149,0.20015180110931396,17,,,,,,
0.001,6199,,,,,,,,
,6199,0.11897721141576767,17,,,,,,
0.001,6249,,,,,,,,
,6249,0.12210282683372498,17,,,,,,
0.001,6299,,,,,,,,
,6299,0.18484385311603546,17,,,,,,
,6335,,17,0.0913320854306221,0.9692122936248779,0.9987717866897583,,,
0.001,6349,,,,,,,,
,6349,0.16789957880973816,18,,,,,,
0.001,6399,,,,,,,,
,6399,0.1547238826751709,18,,,,,,
0.001,6449,,,,,,,,
,6449,0.19313320517539978,18,,,,,,
0.001,6499,,,,,,,,
,6499,0.14443561434745789,18,,,,,,
0.001,6549,,,,,,,,
,6549,0.15560086071491241,18,,,,,,
0.001,6599,,,,,,,,
,6599,0.13451281189918518,18,,,,,,
0.001,6649,,,,,,,,
,6649,0.14919568598270416,18,,,,,,
,6687,,18,0.08448176831007004,0.9706117510795593,0.9990872740745544,,,
0.001,6699,,,,,,,,
,6699,0.06328296661376953,19,,,,,,
0.001,6749,,,,,,,,
,6749,0.12461751699447632,19,,,,,,
0.001,6799,,,,,,,,
,6799,0.16811910271644592,19,,,,,,
0.001,6849,,,,,,,,
,6849,0.13030165433883667,19,,,,,,
0.001,6899,,,,,,,,
,6899,0.11759718507528305,19,,,,,,
0.001,6949,,,,,,,,
,6949,0.11282258480787277,19,,,,,,
0.001,6999,,,,,,,,
,6999,0.16950367391109467,19,,,,,,
,7039,,19,0.06751813739538193,0.9773090481758118,0.9991394281387329,,,
0.001,7049,,,,,,,,
,7049,0.17174144089221954,20,,,,,,
0.001,7099,,,,,,,,
,7099,0.11776306480169296,20,,,,,,
0.001,7149,,,,,,,,
,7149,0.11917944997549057,20,,,,,,
0.001,7199,,,,,,,,
,7199,0.1715386062860489,20,,,,,,
0.001,7249,,,,,,,,
,7249,0.18159207701683044,20,,,,,,
0.001,7299,,,,,,,,
,7299,0.10885261744260788,20,,,,,,
0.001,7349,,,,,,,,
,7349,0.08518896251916885,20,,,,,,
,7391,,20,0.08365409821271896,0.972710907459259,0.9990825653076172,,,
0.001,7399,,,,,,,,
,7399,0.1496819704771042,21,,,,,,
0.001,7449,,,,,,,,
,7449,0.08832615613937378,21,,,,,,
0.001,7499,,,,,,,,
,7499,0.11231861263513565,21,,,,,,
0.001,7549,,,,,,,,
,7549,0.12118801474571228,21,,,,,,
0.001,7599,,,,,,,,
,7599,0.07411547005176544,21,,,,,,
0.001,7649,,,,,,,,
,7649,0.1018633171916008,21,,,,,,
0.001,7699,,,,,,,,
,7699,0.1487712413072586,21,,,,,,
,7743,,21,0.07094832509756088,0.9775090217590332,0.9991448521614075,,,
0.001,7749,,,,,,,,
,7749,0.18546971678733826,22,,,,,,
0.001,7799,,,,,,,,
,7799,0.08644209057092667,22,,,,,,
0.001,7849,,,,,,,,
,7849,0.10849673300981522,22,,,,,,
0.001,7899,,,,,,,,
,7899,0.0794224962592125,22,,,,,,
0.001,7949,,,,,,,,
,7949,0.11962537467479706,22,,,,,,
0.001,7999,,,,,,,,
,7999,0.10194628685712814,22,,,,,,
0.001,8049,,,,,,,,
,8049,0.06280069798231125,22,,,,,,
,8095,,22,0.0679394006729126,0.9787085056304932,0.9991354942321777,,,
0.001,8099,,,,,,,,
,8099,0.15299005806446075,23,,,,,,
0.001,8149,,,,,,,,
,8149,0.1376611739397049,23,,,,,,
0.001,8199,,,,,,,,
,8199,0.08975394815206528,23,,,,,,
0.001,8249,,,,,,,,
,8249,0.06778322160243988,23,,,,,,
0.001,8299,,,,,,,,
,8299,0.12766942381858826,23,,,,,,
0.001,8349,,,,,,,,
,8349,0.0908392071723938,23,,,,,,
0.001,8399,,,,,,,,
,8399,0.151836097240448,23,,,,,,
,8447,,23,0.07079192996025085,0.9777089357376099,0.9991936087608337,,,
0.001,8449,,,,,,,,
,8449,0.06592319905757904,24,,,,,,
0.001,8499,,,,,,,,
,8499,0.15099158883094788,24,,,,,,
0.001,8549,,,,,,,,
,8549,0.12017804384231567,24,,,,,,
0.001,8599,,,,,,,,
,8599,0.07744383066892624,24,,,,,,
0.001,8649,,,,,,,,
,8649,0.09538156539201736,24,,,,,,
0.001,8699,,,,,,,,
,8699,0.10984717309474945,24,,,,,,
0.001,8749,,,,,,,,
,8749,0.11299727112054825,24,,,,,,
0.001,8799,,,,,,,,
,8799,0.10917999595403671,24,,,,,,
,8799,,24,0.060282252728939056,0.9801079630851746,0.9992398619651794,,,
0.001,8849,,,,,,,,
,8849,0.10338442772626877,25,,,,,,
0.001,8899,,,,,,,,
,8899,0.09592083841562271,25,,,,,,
0.001,8949,,,,,,,,
,8949,0.09306272119283676,25,,,,,,
0.001,8999,,,,,,,,
,8999,0.07103878259658813,25,,,,,,
0.001,9049,,,,,,,,
,9049,0.09316292405128479,25,,,,,,
0.001,9099,,,,,,,,
,9099,0.10370973497629166,25,,,,,,
0.001,9149,,,,,,,,
,9149,0.08650369942188263,25,,,,,,
,9151,,25,0.06314520537853241,0.9789084196090698,0.9992513656616211,,,
0.001,9199,,,,,,,,
,9199,0.15549904108047485,26,,,,,,
0.001,9249,,,,,,,,
,9249,0.090021513402462,26,,,,,,
0.001,9299,,,,,,,,
,9299,0.12394262105226517,26,,,,,,
0.001,9349,,,,,,,,
,9349,0.11764293909072876,26,,,,,,
0.001,9399,,,,,,,,
,9399,0.1143658310174942,26,,,,,,
0.001,9449,,,,,,,,
,9449,0.09710574150085449,26,,,,,,
0.001,9499,,,,,,,,
,9499,0.11338330805301666,26,,,,,,
,9503,,26,0.06029630824923515,0.9819072484970093,0.9992697238922119,,,
0.001,9549,,,,,,,,
,9549,0.07934989780187607,27,,,,,,
0.001,9599,,,,,,,,
,9599,0.11419786512851715,27,,,,,,
0.001,9649,,,,,,,,
,9649,0.04945589601993561,27,,,,,,
0.001,9699,,,,,,,,
,9699,0.12799228727817535,27,,,,,,
0.001,9749,,,,,,,,
,9749,0.15339870750904083,27,,,,,,
0.001,9799,,,,,,,,
,9799,0.08511783927679062,27,,,,,,
0.001,9849,,,,,,,,
,9849,0.17229245603084564,27,,,,,,
,9855,,27,0.04408491030335426,0.985605776309967,0.9993537664413452,,,
0.001,9899,,,,,,,,
,9899,0.14274907112121582,28,,,,,,
0.001,9949,,,,,,,,
,9949,0.15931549668312073,28,,,,,,
0.001,9999,,,,,,,,
,9999,0.12147404253482819,28,,,,,,
0.001,10049,,,,,,,,
,10049,0.1498384177684784,28,,,,,,
0.001,10099,,,,,,,,
,10099,0.0722842887043953,28,,,,,,
0.001,10149,,,,,,,,
,10149,0.06671366840600967,28,,,,,,
0.001,10199,,,,,,,,
,10199,0.056704506278038025,28,,,,,,
,10207,,28,0.05436587706208229,0.9836065769195557,0.9992796778678894,,,
0.001,10249,,,,,,,,
,10249,0.14504529535770416,29,,,,,,
0.001,10299,,,,,,,,
,10299,0.0815558061003685,29,,,,,,
0.001,10349,,,,,,,,
,10349,0.06615521758794785,29,,,,,,
0.001,10399,,,,,,,,
,10399,0.1275157332420349,29,,,,,,
0.001,10449,,,,,,,,
,10449,0.0837499350309372,29,,,,,,
0.001,10499,,,,,,,,
,10499,0.08355414867401123,29,,,,,,
0.001,10549,,,,,,,,
,10549,0.06608062982559204,29,,,,,,
,10559,,29,0.0627792552113533,0.9800080060958862,0.999253511428833,,,
0.001,10599,,,,,,,,
,10599,0.0865870863199234,30,,,,,,
0.001,10649,,,,,,,,
,10649,0.09312041103839874,30,,,,,,
0.001,10699,,,,,,,,
,10699,0.08108624070882797,30,,,,,,
0.001,10749,,,,,,,,
,10749,0.13238634169101715,30,,,,,,
0.001,10799,,,,,,,,
,10799,0.07172584533691406,30,,,,,,
0.001,10849,,,,,,,,
,10849,0.08253879100084305,30,,,,,,
0.001,10899,,,,,,,,
,10899,0.1005495935678482,30,,,,,,
,10911,,30,0.05276481434702873,0.9831067323684692,0.9993537664413452,,,
0.001,10949,,,,,,,,
,10949,0.08775927871465683,31,,,,,,
0.001,10999,,,,,,,,
,10999,0.06376022100448608,31,,,,,,
0.001,11049,,,,,,,,
,11049,0.07668308913707733,31,,,,,,
0.001,11099,,,,,,,,
,11099,0.11683522164821625,31,,,,,,
0.001,11149,,,,,,,,
,11149,0.09469752758741379,31,,,,,,
0.001,11199,,,,,,,,
,11199,0.05526069179177284,31,,,,,,
0.001,11249,,,,,,,,
,11249,0.10074479132890701,31,,,,,,
,11263,,31,0.07364333420991898,0.9775090217590332,0.9991853833198547,,,
0.001,11299,,,,,,,,
,11299,0.05665403604507446,32,,,,,,
0.001,11349,,,,,,,,
,11349,0.07167056202888489,32,,,,,,
0.001,11399,,,,,,,,
,11399,0.11094566434621811,32,,,,,,
0.001,11449,,,,,,,,
,11449,0.11623716354370117,32,,,,,,
0.001,11499,,,,,,,,
,11499,0.077974334359169,32,,,,,,
0.001,11549,,,,,,,,
,11549,0.09422507137060165,32,,,,,,
0.001,11599,,,,,,,,
,11599,0.10979083180427551,32,,,,,,
,11615,,32,0.05198628082871437,0.983706533908844,0.9993302226066589,,,
0.001,11649,,,,,,,,
,11649,0.13777121901512146,33,,,,,,
0.001,11699,,,,,,,,
,11699,0.093883216381073,33,,,,,,
0.001,11749,,,,,,,,
,11749,0.09322617202997208,33,,,,,,
0.001,11799,,,,,,,,
,11799,0.11559972167015076,33,,,,,,
0.001,11849,,,,,,,,
,11849,0.10533686727285385,33,,,,,,
0.001,11899,,,,,,,,
,11899,0.10620922595262527,33,,,,,,
0.001,11949,,,,,,,,
,11949,0.09219251573085785,33,,,,,,
,11967,,33,0.05322607234120369,0.9833067059516907,0.9993099570274353,,,
0.001,11999,,,,,,,,
,11999,0.05383198335766792,34,,,,,,
0.001,12049,,,,,,,,
,12049,0.09990239143371582,34,,,,,,
0.001,12099,,,,,,,,
,12099,0.043523989617824554,34,,,,,,
0.001,12149,,,,,,,,
,12149,0.04471227899193764,34,,,,,,
0.001,12199,,,,,,,,
,12199,0.06431010365486145,34,,,,,,
0.001,12249,,,,,,,,
,12249,0.040958695113658905,34,,,,,,
0.001,12299,,,,,,,,
,12299,0.07121342420578003,34,,,,,,
,12319,,34,0.05773502215743065,0.9830067753791809,0.9992760419845581,,,
0.001,12349,,,,,,,,
,12349,0.07405569404363632,35,,,,,,
0.001,12399,,,,,,,,
,12399,0.10354430973529816,35,,,,,,
0.001,12449,,,,,,,,
,12449,0.10158934444189072,35,,,,,,
0.001,12499,,,,,,,,
,12499,0.13073408603668213,35,,,,,,
0.001,12549,,,,,,,,
,12549,0.08331213891506195,35,,,,,,
0.001,12599,,,,,,,,
,12599,0.0767972469329834,35,,,,,,
0.001,12649,,,,,,,,
,12649,0.06957277655601501,35,,,,,,
,12671,,35,0.07307939231395721,0.9784086346626282,0.9991956353187561,,,
0.001,12699,,,,,,,,
,12699,0.11675548553466797,36,,,,,,
0.001,12749,,,,,,,,
,12749,0.08349401503801346,36,,,,,,
0.001,12799,,,,,,,,
,12799,0.0709138810634613,36,,,,,,
0.001,12849,,,,,,,,
,12849,0.09762468189001083,36,,,,,,
0.001,12899,,,,,,,,
,12899,0.09680038690567017,36,,,,,,
0.001,12949,,,,,,,,
,12949,0.07502593845129013,36,,,,,,
0.001,12999,,,,,,,,
,12999,0.06667010486125946,36,,,,,,
,13023,,36,0.058131635189056396,0.9796081781387329,0.9992585778236389,,,
0.001,13049,,,,,,,,
,13049,0.07446711510419846,37,,,,,,
0.001,13099,,,,,,,,
,13099,0.04952700808644295,37,,,,,,
0.001,13149,,,,,,,,
,13149,0.07251518964767456,37,,,,,,
0.001,13199,,,,,,,,
,13199,0.07516650855541229,37,,,,,,
0.001,13249,,,,,,,,
,13249,0.05109751969575882,37,,,,,,
0.001,13299,,,,,,,,
,13299,0.13562321662902832,37,,,,,,
0.001,13349,,,,,,,,
,13349,0.09637031704187393,37,,,,,,
,13375,,37,0.05921650677919388,0.981807291507721,0.9992251992225647,,,
0.001,13399,,,,,,,,
,13399,0.087974414229393,38,,,,,,
0.001,13449,,,,,,,,
,13449,0.055978093296289444,38,,,,,,
0.001,13499,,,,,,,,
,13499,0.05337619408965111,38,,,,,,
0.001,13549,,,,,,,,
,13549,0.07200340926647186,38,,,,,,
0.001,13599,,,,,,,,
,13599,0.11683674901723862,38,,,,,,
0.001,13649,,,,,,,,
,13649,0.048691749572753906,38,,,,,,
0.001,13699,,,,,,,,
,13699,0.033050812780857086,38,,,,,,
,13727,,38,0.054121289402246475,0.9832066893577576,0.9993329048156738,,,
0.001,13749,,,,,,,,
,13749,0.05809563398361206,39,,,,,,
0.001,13799,,,,,,,,
,13799,0.12565332651138306,39,,,,,,
0.001,13849,,,,,,,,
,13849,0.04488839954137802,39,,,,,,
0.001,13899,,,,,,,,
,13899,0.079241544008255,39,,,,,,
0.001,13949,,,,,,,,
,13949,0.0726461410522461,39,,,,,,
0.001,13999,,,,,,,,
,13999,0.059942133724689484,39,,,,,,
0.001,14049,,,,,,,,
,14049,0.042377769947052,39,,,,,,
,14079,,39,0.04921942204236984,0.985305905342102,0.9993315935134888,,,
0.001,14099,,,,,,,,
,14099,0.0968630462884903,40,,,,,,
0.001,14149,,,,,,,,
,14149,0.07437241077423096,40,,,,,,
0.001,14199,,,,,,,,
,14199,0.14184795320034027,40,,,,,,
0.001,14249,,,,,,,,
,14249,0.08521444350481033,40,,,,,,
0.001,14299,,,,,,,,
,14299,0.07508587092161179,40,,,,,,
0.001,14349,,,,,,,,
,14349,0.06275958567857742,40,,,,,,
0.001,14399,,,,,,,,
,14399,0.10360720753669739,40,,,,,,
,14431,,40,0.051678840070962906,0.9845061898231506,0.9993757605552673,,,
0.001,14449,,,,,,,,
,14449,0.053025729954242706,41,,,,,,
0.001,14499,,,,,,,,
,14499,0.051382727921009064,41,,,,,,
0.001,14549,,,,,,,,
,14549,0.11873459070920944,41,,,,,,
0.001,14599,,,,,,,,
,14599,0.05726449936628342,41,,,,,,
0.001,14649,,,,,,,,
,14649,0.05145220831036568,41,,,,,,
0.001,14699,,,,,,,,
,14699,0.07573030143976212,41,,,,,,
0.001,14749,,,,,,,,
,14749,0.08236201107501984,41,,,,,,
,14783,,41,0.04942189157009125,0.9854058623313904,0.9993485808372498,,,
0.001,14799,,,,,,,,
,14799,0.06091928854584694,42,,,,,,
0.001,14849,,,,,,,,
,14849,0.024915523827075958,42,,,,,,
0.001,14899,,,,,,,,
,14899,0.10075297951698303,42,,,,,,
0.001,14949,,,,,,,,
,14949,0.04956623911857605,42,,,,,,
0.001,14999,,,,,,,,
,14999,0.08232865482568741,42,,,,,,
0.001,15049,,,,,,,,
,15049,0.07609052211046219,42,,,,,,
0.001,15099,,,,,,,,
,15099,0.03752819821238518,42,,,,,,
,15135,,42,0.05361699312925339,0.984306275844574,0.9993555545806885,,,
0.001,15149,,,,,,,,
,15149,0.08070078492164612,43,,,,,,
0.001,15199,,,,,,,,
,15199,0.07219401746988297,43,,,,,,
0.001,15249,,,,,,,,
,15249,0.06323320418596268,43,,,,,,
0.001,15299,,,,,,,,
,15299,0.04809236899018288,43,,,,,,
0.001,15349,,,,,,,,
,15349,0.03531260043382645,43,,,,,,
0.001,15399,,,,,,,,
,15399,0.07975175231695175,43,,,,,,
0.001,15449,,,,,,,,
,15449,0.1136799156665802,43,,,,,,
,15487,,43,0.046389393508434296,0.9867053031921387,0.9993549585342407,,,
0.001,15499,,,,,,,,
,15499,0.06783884018659592,44,,,,,,
0.001,15549,,,,,,,,
,15549,0.08697551488876343,44,,,,,,
0.001,15599,,,,,,,,
,15599,0.07925708591938019,44,,,,,,
0.001,15649,,,,,,,,
,15649,0.13180164992809296,44,,,,,,
0.001,15699,,,,,,,,
,15699,0.07996319979429245,44,,,,,,
0.001,15749,,,,,,,,
,15749,0.0617714561522007,44,,,,,,
0.001,15799,,,,,,,,
,15799,0.08807136863470078,44,,,,,,
,15839,,44,0.04854762554168701,0.9858056902885437,0.9993817806243896,,,
0.001,15849,,,,,,,,
,15849,0.04095400497317314,45,,,,,,
0.001,15899,,,,,,,,
,15899,0.08146267384290695,45,,,,,,
0.001,15949,,,,,,,,
,15949,0.044045355170965195,45,,,,,,
0.001,15999,,,,,,,,
,15999,0.06661896407604218,45,,,,,,
0.001,16049,,,,,,,,
,16049,0.06308447569608688,45,,,,,,
0.001,16099,,,,,,,,
,16099,0.05749315023422241,45,,,,,,
0.001,16149,,,,,,,,
,16149,0.06103365868330002,45,,,,,,
,16191,,45,0.054034214466810226,0.9838064908981323,0.9993669390678406,,,
0.001,16199,,,,,,,,
,16199,0.08092612028121948,46,,,,,,
0.001,16249,,,,,,,,
,16249,0.06628913432359695,46,,,,,,
0.001,16299,,,,,,,,
,16299,0.05528763309121132,46,,,,,,
0.001,16349,,,,,,,,
,16349,0.06703625619411469,46,,,,,,
0.001,16399,,,,,,,,
,16399,0.08627523481845856,46,,,,,,
0.001,16449,,,,,,,,
,16449,0.0288534015417099,46,,,,,,
0.001,16499,,,,,,,,
,16499,0.1161542534828186,46,,,,,,
,16543,,46,0.0469479076564312,0.984906017780304,0.9993473291397095,,,
0.001,16549,,,,,,,,
,16549,0.043570421636104584,47,,,,,,
0.001,16599,,,,,,,,
,16599,0.05965433269739151,47,,,,,,
0.001,16649,,,,,,,,
,16649,0.05137907713651657,47,,,,,,
0.001,16699,,,,,,,,
,16699,0.0865134745836258,47,,,,,,
0.001,16749,,,,,,,,
,16749,0.07955236732959747,47,,,,,,
0.001,16799,,,,,,,,
,16799,0.05029822513461113,47,,,,,,
0.001,16849,,,,,,,,
,16849,0.044348493218421936,47,,,,,,
,16895,,47,0.05227811262011528,0.984006404876709,0.9993618726730347,,,
0.001,16899,,,,,,,,
,16899,0.10572728514671326,48,,,,,,
0.001,16949,,,,,,,,
,16949,0.05371450260281563,48,,,,,,
0.001,16999,,,,,,,,
,16999,0.06136574596166611,48,,,,,,
0.001,17049,,,,,,,,
,17049,0.038513921201229095,48,,,,,,
0.001,17099,,,,,,,,
,17099,0.053517792373895645,48,,,,,,
0.001,17149,,,,,,,,
,17149,0.06162313371896744,48,,,,,,
0.001,17199,,,,,,,,
,17199,0.06510944664478302,48,,,,,,
,17247,,48,0.03951914981007576,0.9880048036575317,0.9994269609451294,,,
0.001,17249,,,,,,,,
,17249,0.05557260289788246,49,,,,,,
0.001,17299,,,,,,,,
,17299,0.052252382040023804,49,,,,,,
0.001,17349,,,,,,,,
,17349,0.07039857655763626,49,,,,,,
0.001,17399,,,,,,,,
,17399,0.05485253781080246,49,,,,,,
0.001,17449,,,,,,,,
,17449,0.04876604676246643,49,,,,,,
0.001,17499,,,,,,,,
,17499,0.03804118186235428,49,,,,,,
0.001,17549,,,,,,,,
,17549,0.027222519740462303,49,,,,,,
0.001,17599,,,,,,,,
,17599,0.04350261017680168,49,,,,,,
,17599,,49,0.06695523113012314,0.9812074899673462,0.9993107318878174,,,
0.0001,17649,,,,,,,,
,17649,0.039424214512109756,50,,,,,,
0.0001,17699,,,,,,,,
,17699,0.03025539591908455,50,,,,,,
0.0001,17749,,,,,,,,
,17749,0.03708557412028313,50,,,,,,
0.0001,17799,,,,,,,,
,17799,0.037669550627470016,50,,,,,,
0.0001,17849,,,,,,,,
,17849,0.053735122084617615,50,,,,,,
0.0001,17899,,,,,,,,
,17899,0.014352627098560333,50,,,,,,
0.0001,17949,,,,,,,,
,17949,0.028186039999127388,50,,,,,,
,17951,,50,0.029871812090277672,0.9913035035133362,0.9994774460792542,,,
0.0001,17999,,,,,,,,
,17999,0.017607957124710083,51,,,,,,
0.0001,18049,,,,,,,,
,18049,0.03759070485830307,51,,,,,,
0.0001,18099,,,,,,,,
,18099,0.03786221891641617,51,,,,,,
0.0001,18149,,,,,,,,
,18149,0.06408581137657166,51,,,,,,
0.0001,18199,,,,,,,,
,18199,0.04827646166086197,51,,,,,,
0.0001,18249,,,,,,,,
,18249,0.04197843000292778,51,,,,,,
0.0001,18299,,,,,,,,
,18299,0.04037534072995186,51,,,,,,
,18303,,51,0.0280288252979517,0.9910035729408264,0.9994921684265137,,,
0.0001,18349,,,,,,,,
,18349,0.06084562465548515,52,,,,,,
0.0001,18399,,,,,,,,
,18399,0.024828094989061356,52,,,,,,
0.0001,18449,,,,,,,,
,18449,0.0270601287484169,52,,,,,,
0.0001,18499,,,,,,,,
,18499,0.04397757351398468,52,,,,,,
0.0001,18549,,,,,,,,
,18549,0.07220355421304703,52,,,,,,
0.0001,18599,,,,,,,,
,18599,0.03177285194396973,52,,,,,,
0.0001,18649,,,,,,,,
,18649,0.017510557547211647,52,,,,,,
,18655,,52,0.027548331767320633,0.9914034605026245,0.9994910359382629,,,
0.0001,18699,,,,,,,,
,18699,0.05444931238889694,53,,,,,,
0.0001,18749,,,,,,,,
,18749,0.022255927324295044,53,,,,,,
0.0001,18799,,,,,,,,
,18799,0.03545517101883888,53,,,,,,
0.0001,18849,,,,,,,,
,18849,0.0630185455083847,53,,,,,,
0.0001,18899,,,,,,,,
,18899,0.03296178951859474,53,,,,,,
0.0001,18949,,,,,,,,
,18949,0.030834291130304337,53,,,,,,
0.0001,18999,,,,,,,,
,18999,0.034277357161045074,53,,,,,,
,19007,,53,0.02760368399322033,0.9914034605026245,0.9994897842407227,,,
0.0001,19049,,,,,,,,
,19049,0.0524887852370739,54,,,,,,
0.0001,19099,,,,,,,,
,19099,0.016542594879865646,54,,,,,,
0.0001,19149,,,,,,,,
,19149,0.04111649468541145,54,,,,,,
0.0001,19199,,,,,,,,
,19199,0.035919155925512314,54,,,,,,
0.0001,19249,,,,,,,,
,19249,0.029660863801836967,54,,,,,,
0.0001,19299,,,,,,,,
,19299,0.050607018172740936,54,,,,,,
0.0001,19349,,,,,,,,
,19349,0.028976621106266975,54,,,,,,
,19359,,54,0.02770276740193367,0.9913035035133362,0.9994843006134033,,,
0.0001,19399,,,,,,,,
,19399,0.020191410556435585,55,,,,,,
0.0001,19449,,,,,,,,
,19449,0.008662008680403233,55,,,,,,
0.0001,19499,,,,,,,,
,19499,0.026690470054745674,55,,,,,,
0.0001,19549,,,,,,,,
,19549,0.05766570568084717,55,,,,,,
0.0001,19599,,,,,,,,
,19599,0.021696336567401886,55,,,,,,
0.0001,19649,,,,,,,,
,19649,0.023446332663297653,55,,,,,,
0.0001,19699,,,,,,,,
,19699,0.027536019682884216,55,,,,,,
,19711,,55,0.026455091312527657,0.9923030734062195,0.9995006918907166,,,
0.0001,19749,,,,,,,,
,19749,0.038792990148067474,56,,,,,,
0.0001,19799,,,,,,,,
,19799,0.007677323184907436,56,,,,,,
0.0001,19849,,,,,,,,
,19849,0.017660098150372505,56,,,,,,
0.0001,19899,,,,,,,,
,19899,0.023697789758443832,56,,,,,,
0.0001,19949,,,,,,,,
,19949,0.015552546828985214,56,,,,,,
0.0001,19999,,,,,,,,
,19999,0.02875043824315071,56,,,,,,
0.0001,20049,,,,,,,,
,20049,0.04236290231347084,56,,,,,,
,20063,,56,0.027272023260593414,0.9920032024383545,0.9994953274726868,,,
0.0001,20099,,,,,,,,
,20099,0.014459805563092232,57,,,,,,
0.0001,20149,,,,,,,,
,20149,0.025600874796509743,57,,,,,,
0.0001,20199,,,,,,,,
,20199,0.018274782225489616,57,,,,,,
0.0001,20249,,,,,,,,
,20249,0.0402059443295002,57,,,,,,
0.0001,20299,,,,,,,,
,20299,0.028966674581170082,57,,,,,,
0.0001,20349,,,,,,,,
,20349,0.00913602951914072,57,,,,,,
0.0001,20399,,,,,,,,
,20399,0.034622181206941605,57,,,,,,
,20415,,57,0.025803491473197937,0.9923030734062195,0.999504029750824,,,
0.0001,20449,,,,,,,,
,20449,0.04122919216752052,58,,,,,,
0.0001,20499,,,,,,,,
,20499,0.05599223077297211,58,,,,,,
0.0001,20549,,,,,,,,
,20549,0.019924171268939972,58,,,,,,
0.0001,20599,,,,,,,,
,20599,0.00664002588018775,58,,,,,,
0.0001,20649,,,,,,,,
,20649,0.04773593321442604,58,,,,,,
0.0001,20699,,,,,,,,
,20699,0.021482300013303757,58,,,,,,
0.0001,20749,,,,,,,,
,20749,0.05684717744588852,58,,,,,,
,20767,,58,0.02617567405104637,0.9925029873847961,0.9995073080062866,,,
0.0001,20799,,,,,,,,
,20799,0.041053373366594315,59,,,,,,
0.0001,20849,,,,,,,,
,20849,0.020040400326251984,59,,,,,,
0.0001,20899,,,,,,,,
,20899,0.016265349462628365,59,,,,,,
0.0001,20949,,,,,,,,
,20949,0.019084705039858818,59,,,,,,
0.0001,20999,,,,,,,,
,20999,0.02458537369966507,59,,,,,,
0.0001,21049,,,,,,,,
,21049,0.05367206037044525,59,,,,,,
0.0001,21099,,,,,,,,
,21099,0.02479705587029457,59,,,,,,
,21119,,59,0.025537744164466858,0.9916033744812012,0.9995008111000061,,,
0.0001,21149,,,,,,,,
,21149,0.020745817571878433,60,,,,,,
0.0001,21199,,,,,,,,
,21199,0.0416906513273716,60,,,,,,
0.0001,21249,,,,,,,,
,21249,0.10183802247047424,60,,,,,,
0.0001,21299,,,,,,,,
,21299,0.005716784857213497,60,,,,,,
0.0001,21349,,,,,,,,
,21349,0.04096682369709015,60,,,,,,
0.0001,21399,,,,,,,,
,21399,0.039054084569215775,60,,,,,,
0.0001,21449,,,,,,,,
,21449,0.024572037160396576,60,,,,,,
,21471,,60,0.02556767500936985,0.9921031594276428,0.9995046854019165,,,
0.0001,21499,,,,,,,,
,21499,0.0198275875300169,61,,,,,,
0.0001,21549,,,,,,,,
,21549,0.04602780565619469,61,,,,,,
0.0001,21599,,,,,,,,
,21599,0.029828296974301338,61,,,,,,
0.0001,21649,,,,,,,,
,21649,0.026234466582536697,61,,,,,,
0.0001,21699,,,,,,,,
,21699,0.016183743253350258,61,,,,,,
0.0001,21749,,,,,,,,
,21749,0.06793047487735748,61,,,,,,
0.0001,21799,,,,,,,,
,21799,0.06332164257764816,61,,,,,,
,21823,,61,0.026719393208622932,0.9920032024383545,0.9995008111000061,,,
0.0001,21849,,,,,,,,
,21849,0.01301333587616682,62,,,,,,
0.0001,21899,,,,,,,,
,21899,0.027797766029834747,62,,,,,,
0.0001,21949,,,,,,,,
,21949,0.03195788711309433,62,,,,,,
0.0001,21999,,,,,,,,
,21999,0.013042067177593708,62,,,,,,
0.0001,22049,,,,,,,,
,22049,0.024272724986076355,62,,,,,,
0.0001,22099,,,,,,,,
,22099,0.02992936596274376,62,,,,,,
0.0001,22149,,,,,,,,
,22149,0.011794219724833965,62,,,,,,
,22175,,62,0.025880182161927223,0.9923030734062195,0.9995059370994568,,,
0.0001,22199,,,,,,,,
,22199,0.04362772777676582,63,,,,,,
0.0001,22249,,,,,,,,
,22249,0.025872906669974327,63,,,,,,
0.0001,22299,,,,,,,,
,22299,0.02757941745221615,63,,,,,,
0.0001,22349,,,,,,,,
,22349,0.022129414603114128,63,,,,,,
0.0001,22399,,,,,,,,
,22399,0.0253724567592144,63,,,,,,
0.0001,22449,,,,,,,,
,22449,0.025422146543860435,63,,,,,,
0.0001,22499,,,,,,,,
,22499,0.025114743039011955,63,,,,,,
,22527,,63,0.025877563282847404,0.9922031164169312,0.9995124936103821,,,
0.0001,22549,,,,,,,,
,22549,0.02732066623866558,64,,,,,,
0.0001,22599,,,,,,,,
,22599,0.026068666949868202,64,,,,,,
0.0001,22649,,,,,,,,
,22649,0.01894312910735607,64,,,,,,
0.0001,22699,,,,,,,,
,22699,0.03248875215649605,64,,,,,,
0.0001,22749,,,,,,,,
,22749,0.05955037474632263,64,,,,,,
0.0001,22799,,,,,,,,
,22799,0.006928778253495693,64,,,,,,
0.0001,22849,,,,,,,,
,22849,0.04270201176404953,64,,,,,,
,22879,,64,0.026252377778291702,0.9918032884597778,0.9995006918907166,,,
0.0001,22899,,,,,,,,
,22899,0.040115803480148315,65,,,,,,
0.0001,22949,,,,,,,,
,22949,0.02087836153805256,65,,,,,,
0.0001,22999,,,,,,,,
,22999,0.04615063965320587,65,,,,,,
0.0001,23049,,,,,,,,
,23049,0.014778749085962772,65,,,,,,
0.0001,23099,,,,,,,,
,23099,0.039019446820020676,65,,,,,,
0.0001,23149,,,,,,,,
,23149,0.02550385519862175,65,,,,,,
0.0001,23199,,,,,,,,
,23199,0.02494269795715809,65,,,,,,
,23231,,65,0.0248109120875597,0.9927029013633728,0.9995051622390747,,,
0.0001,23249,,,,,,,,
,23249,0.014871956780552864,66,,,,,,
0.0001,23299,,,,,,,,
,23299,0.017971515655517578,66,,,,,,
0.0001,23349,,,,,,,,
,23349,0.014105767011642456,66,,,,,,
0.0001,23399,,,,,,,,
,23399,0.009156920947134495,66,,,,,,
0.0001,23449,,,,,,,,
,23449,0.020846370607614517,66,,,,,,
0.0001,23499,,,,,,,,
,23499,0.03673596680164337,66,,,,,,
0.0001,23549,,,,,,,,
,23549,0.02578132227063179,66,,,,,,
,23583,,66,0.026025893166661263,0.9927029013633728,0.9995018839836121,,,
0.0001,23599,,,,,,,,
,23599,0.03373633697628975,67,,,,,,
0.0001,23649,,,,,,,,
,23649,0.024412520229816437,67,,,,,,
0.0001,23699,,,,,,,,
,23699,0.018353106454014778,67,,,,,,
0.0001,23749,,,,,,,,
,23749,0.009888294152915478,67,,,,,,
0.0001,23799,,,,,,,,
,23799,0.015082897618412971,67,,,,,,
0.0001,23849,,,,,,,,
,23849,0.026810990646481514,67,,,,,,
0.0001,23899,,,,,,,,
,23899,0.02062147669494152,67,,,,,,
,23935,,67,0.02554965205490589,0.9926029443740845,0.9995086193084717,,,
0.0001,23949,,,,,,,,
,23949,0.01577119715511799,68,,,,,,
0.0001,23999,,,,,,,,
,23999,0.01474806573241949,68,,,,,,
0.0001,24049,,,,,,,,
,24049,0.009748254902660847,68,,,,,,
0.0001,24099,,,,,,,,
,24099,0.028233524411916733,68,,,,,,
0.0001,24149,,,,,,,,
,24149,0.03934275731444359,68,,,,,,
0.0001,24199,,,,,,,,
,24199,0.026994453743100166,68,,,,,,
0.0001,24249,,,,,,,,
,24249,0.011387110687792301,68,,,,,,
,24287,,68,0.027645884081721306,0.9922031164169312,0.9995037913322449,,,
0.0001,24299,,,,,,,,
,24299,0.021543247625231743,69,,,,,,
0.0001,24349,,,,,,,,
,24349,0.015264201909303665,69,,,,,,
0.0001,24399,,,,,,,,
,24399,0.016584837809205055,69,,,,,,
0.0001,24449,,,,,,,,
,24449,0.01084816548973322,69,,,,,,
0.0001,24499,,,,,,,,
,24499,0.03384065628051758,69,,,,,,
0.0001,24549,,,,,,,,
,24549,0.014978831633925438,69,,,,,,
0.0001,24599,,,,,,,,
,24599,0.01474817655980587,69,,,,,,
,24639,,69,0.02480294369161129,0.9926029443740845,0.99951171875,,,
0.0001,24649,,,,,,,,
,24649,0.043208371847867966,70,,,,,,
0.0001,24699,,,,,,,,
,24699,0.03545267507433891,70,,,,,,
0.0001,24749,,,,,,,,
,24749,0.01033399160951376,70,,,,,,
0.0001,24799,,,,,,,,
,24799,0.04690372943878174,70,,,,,,
0.0001,24849,,,,,,,,
,24849,0.006314036902040243,70,,,,,,
0.0001,24899,,,,,,,,
,24899,0.02137845754623413,70,,,,,,
0.0001,24949,,,,,,,,
,24949,0.061471108347177505,70,,,,,,
,24991,,70,0.027477601543068886,0.9923030734062195,0.999502956867218,,,
0.0001,24999,,,,,,,,
,24999,0.02006295695900917,71,,,,,,
0.0001,25049,,,,,,,,
,25049,0.021720897406339645,71,,,,,,
0.0001,25099,,,,,,,,
,25099,0.03085976094007492,71,,,,,,
0.0001,25149,,,,,,,,
,25149,0.021599797531962395,71,,,,,,
0.0001,25199,,,,,,,,
,25199,0.04302750900387764,71,,,,,,
0.0001,25249,,,,,,,,
,25249,0.02176397293806076,71,,,,,,
0.0001,25299,,,,,,,,
,25299,0.016213061287999153,71,,,,,,
,25343,,71,0.025447960942983627,0.9930027723312378,0.9995046854019165,,,
0.0001,25349,,,,,,,,
,25349,0.046852365136146545,72,,,,,,
0.0001,25399,,,,,,,,
,25399,0.05543486028909683,72,,,,,,
0.0001,25449,,,,,,,,
,25449,0.03382042422890663,72,,,,,,
0.0001,25499,,,,,,,,
,25499,0.029986754059791565,72,,,,,,
0.0001,25549,,,,,,,,
,25549,0.03849557787179947,72,,,,,,
0.0001,25599,,,,,,,,
,25599,0.005688455421477556,72,,,,,,
0.0001,25649,,,,,,,,
,25649,0.033349987119436264,72,,,,,,
,25695,,72,0.02595389448106289,0.9931027293205261,0.9995070099830627,,,
0.0001,25699,,,,,,,,
,25699,0.040746111422777176,73,,,,,,
0.0001,25749,,,,,,,,
,25749,0.026603855192661285,73,,,,,,
0.0001,25799,,,,,,,,
,25799,0.031105712056159973,73,,,,,,
0.0001,25849,,,,,,,,
,25849,0.0031080369371920824,73,,,,,,
0.0001,25899,,,,,,,,
,25899,0.03105461224913597,73,,,,,,
0.0001,25949,,,,,,,,
,25949,0.022290242835879326,73,,,,,,
0.0001,25999,,,,,,,,
,25999,0.01388684380799532,73,,,,,,
,26047,,73,0.024311169981956482,0.9931027293205261,0.999509871006012,,,
0.0001,26049,,,,,,,,
,26049,0.008379325270652771,74,,,,,,
0.0001,26099,,,,,,,,
,26099,0.01456570066511631,74,,,,,,
0.0001,26149,,,,,,,,
,26149,0.04487979784607887,74,,,,,,
0.0001,26199,,,,,,,,
,26199,0.0071177068166434765,74,,,,,,
0.0001,26249,,,,,,,,
,26249,0.007895221933722496,74,,,,,,
0.0001,26299,,,,,,,,
,26299,0.007000878918915987,74,,,,,,
0.0001,26349,,,,,,,,
,26349,0.01965637132525444,74,,,,,,
0.0001,26399,,,,,,,,
,26399,0.013493519276380539,74,,,,,,
,26399,,74,0.02387181483209133,0.9927029013633728,0.9995115995407104,,,
1e-05,26449,,,,,,,,
,26449,0.034386347979307175,75,,,,,,
1e-05,26499,,,,,,,,
,26499,0.010230053216218948,75,,,,,,
1e-05,26549,,,,,,,,
,26549,0.017105264589190483,75,,,,,,
1e-05,26599,,,,,,,,
,26599,0.03179126977920532,75,,,,,,
1e-05,26649,,,,,,,,
,26649,0.01718437299132347,75,,,,,,
1e-05,26699,,,,,,,,
,26699,0.025440221652388573,75,,,,,,
1e-05,26749,,,,,,,,
,26749,0.02337684854865074,75,,,,,,
,26751,,75,0.023198572918772697,0.9926029443740845,0.9995130896568298,,,
1e-05,26799,,,,,,,,
,26799,0.017944201827049255,76,,,,,,
1e-05,26849,,,,,,,,
,26849,0.06587498635053635,76,,,,,,
1e-05,26899,,,,,,,,
,26899,0.019099775701761246,76,,,,,,
1e-05,26949,,,,,,,,
,26949,0.02194536104798317,76,,,,,,
1e-05,26999,,,,,,,,
,26999,0.007919677533209324,76,,,,,,
1e-05,27049,,,,,,,,
,27049,0.011930489912629128,76,,,,,,
1e-05,27099,,,,,,,,
,27099,0.011582225561141968,76,,,,,,
,27103,,76,0.02291041985154152,0.9931027293205261,0.9995161294937134,,,
1e-05,27149,,,,,,,,
,27149,0.009019279852509499,77,,,,,,
1e-05,27199,,,,,,,,
,27199,0.01607605256140232,77,,,,,,
1e-05,27249,,,,,,,,
,27249,0.010918967425823212,77,,,,,,
1e-05,27299,,,,,,,,
,27299,0.010283698327839375,77,,,,,,
1e-05,27349,,,,,,,,
,27349,0.019051600247621536,77,,,,,,
1e-05,27399,,,,,,,,
,27399,0.02269824594259262,77,,,,,,
1e-05,27449,,,,,,,,
,27449,0.013649540953338146,77,,,,,,
,27455,,77,0.02301699109375477,0.9934026598930359,0.9995134472846985,,,
1e-05,27499,,,,,,,,
,27499,0.037417564541101456,78,,,,,,
1e-05,27549,,,,,,,,
,27549,0.014768227003514767,78,,,,,,
1e-05,27599,,,,,,,,
,27599,0.02392902597784996,78,,,,,,
1e-05,27649,,,,,,,,
,27649,0.03474349156022072,78,,,,,,
1e-05,27699,,,,,,,,
,27699,0.0172392837703228,78,,,,,,
1e-05,27749,,,,,,,,
,27749,0.012890440411865711,78,,,,,,
1e-05,27799,,,,,,,,
,27799,0.010549199767410755,78,,,,,,
,27807,,78,0.023440314456820488,0.9930027723312378,0.9995138645172119,,,
1e-05,27849,,,,,,,,
,27849,0.02463558129966259,79,,,,,,
1e-05,27899,,,,,,,,
,27899,0.01359546184539795,79,,,,,,
1e-05,27949,,,,,,,,
,27949,0.012891104444861412,79,,,,,,
1e-05,27999,,,,,,,,
,27999,0.01014415267854929,79,,,,,,
1e-05,28049,,,,,,,,
,28049,0.004333662800490856,79,,,,,,
1e-05,28099,,,,,,,,
,28099,0.03311591595411301,79,,,,,,
1e-05,28149,,,,,,,,
,28149,0.025108281522989273,79,,,,,,
,28159,,79,0.02322041243314743,0.9929028153419495,0.9995142817497253,,,
1e-05,28199,,,,,,,,
,28199,0.019917795434594154,80,,,,,,
1e-05,28249,,,,,,,,
,28249,0.009390116669237614,80,,,,,,
1e-05,28299,,,,,,,,
,28299,0.0383479930460453,80,,,,,,
1e-05,28349,,,,,,,,
,28349,0.02731742523610592,80,,,,,,
1e-05,28399,,,,,,,,
,28399,0.05640805512666702,80,,,,,,
1e-05,28449,,,,,,,,
,28449,0.010115459561347961,80,,,,,,
1e-05,28499,,,,,,,,
,28499,0.01820860058069229,80,,,,,,
,28511,,80,0.023203769698739052,0.9929028153419495,0.9995163083076477,,,
1e-05,28549,,,,,,,,
,28549,0.0019317525438964367,81,,,,,,
1e-05,28599,,,,,,,,
,28599,0.018807191401720047,81,,,,,,
1e-05,28649,,,,,,,,
,28649,0.010659681633114815,81,,,,,,
1e-05,28699,,,,,,,,
,28699,0.03641694784164429,81,,,,,,
1e-05,28749,,,,,,,,
,28749,0.016048189252614975,81,,,,,,
1e-05,28799,,,,,,,,
,28799,0.017860759049654007,81,,,,,,
1e-05,28849,,,,,,,,
,28849,0.02503233030438423,81,,,,,,
,28863,,81,0.02314281091094017,0.9929028153419495,0.9995107650756836,,,
1e-05,28899,,,,,,,,
,28899,0.013802825473248959,82,,,,,,
1e-05,28949,,,,,,,,
,28949,0.022085951641201973,82,,,,,,
1e-05,28999,,,,,,,,
,28999,0.026581548154354095,82,,,,,,
1e-05,29049,,,,,,,,
,29049,0.024992099031805992,82,,,,,,
1e-05,29099,,,,,,,,
,29099,0.023742517456412315,82,,,,,,
1e-05,29149,,,,,,,,
,29149,0.01823319122195244,82,,,,,,
1e-05,29199,,,,,,,,
,29199,0.016021810472011566,82,,,,,,
,29215,,82,0.02379738539457321,0.9928028583526611,0.9995132684707642,,,
1e-05,29249,,,,,,,,
,29249,0.0193486325442791,83,,,,,,
1e-05,29299,,,,,,,,
,29299,0.015032817609608173,83,,,,,,
1e-05,29349,,,,,,,,
,29349,0.021551869809627533,83,,,,,,
1e-05,29399,,,,,,,,
,29399,0.03316118195652962,83,,,,,,
1e-05,29449,,,,,,,,
,29449,0.010701518505811691,83,,,,,,
1e-05,29499,,,,,,,,
,29499,0.011593297123908997,83,,,,,,
1e-05,29549,,,,,,,,
,29549,0.02533654309809208,83,,,,,,
,29567,,83,0.02330532670021057,0.9929028153419495,0.9995133876800537,,,
1e-05,29599,,,,,,,,
,29599,0.013782139867544174,84,,,,,,
1e-05,29649,,,,,,,,
,29649,0.01105158869177103,84,,,,,,
1e-05,29699,,,,,,,,
,29699,0.025029798969626427,84,,,,,,
1e-05,29749,,,,,,,,
,29749,0.01900663413107395,84,,,,,,
1e-05,29799,,,,,,,,
,29799,0.02502659521996975,84,,,,,,
1e-05,29849,,,,,,,,
,29849,0.012501268647611141,84,,,,,,
1e-05,29899,,,,,,,,
,29899,0.010191596113145351,84,,,,,,
,29919,,84,0.02359483763575554,0.9927029013633728,0.9995115995407104,,,
1e-05,29949,,,,,,,,
,29949,0.017213746905326843,85,,,,,,
1e-05,29999,,,,,,,,
,29999,0.0190864410251379,85,,,,,,
1e-05,30049,,,,,,,,
,30049,0.04231850430369377,85,,,,,,
1e-05,30099,,,,,,,,
,30099,0.03265112638473511,85,,,,,,
1e-05,30149,,,,,,,,
,30149,0.038852035999298096,85,,,,,,
1e-05,30199,,,,,,,,
,30199,0.009593122638761997,85,,,,,,
1e-05,30249,,,,,,,,
,30249,0.0073911529034376144,85,,,,,,
,30271,,85,0.02332630567252636,0.9931027293205261,0.9995109438896179,,,
1e-05,30299,,,,,,,,
,30299,0.022450122982263565,86,,,,,,
1e-05,30349,,,,,,,,
,30349,0.015083877369761467,86,,,,,,
1e-05,30399,,,,,,,,
,30399,0.020654939115047455,86,,,,,,
1e-05,30449,,,,,,,,
,30449,0.019791129976511,86,,,,,,
1e-05,30499,,,,,,,,
,30499,0.011095331981778145,86,,,,,,
1e-05,30549,,,,,,,,
,30549,0.026939276605844498,86,,,,,,
1e-05,30599,,,,,,,,
,30599,0.014376355335116386,86,,,,,,
,30623,,86,0.023869134485721588,0.9928028583526611,0.9995143413543701,,,
1e-05,30649,,,,,,,,
,30649,0.00580120924860239,87,,,,,,
1e-05,30699,,,,,,,,
,30699,0.039411503821611404,87,,,,,,
1e-05,30749,,,,,,,,
,30749,0.0355827659368515,87,,,,,,
1e-05,30799,,,,,,,,
,30799,0.02593264728784561,87,,,,,,
1e-05,30849,,,,,,,,
,30849,0.01552556362003088,87,,,,,,
1e-05,30899,,,,,,,,
,30899,0.01388179324567318,87,,,,,,
1e-05,30949,,,,,,,,
,30949,0.027569400146603584,87,,,,,,
,30975,,87,0.023800332099199295,0.9930027723312378,0.999512791633606,,,
1e-05,30999,,,,,,,,
,30999,0.007502059452235699,88,,,,,,
1e-05,31049,,,,,,,,
,31049,0.01640125922858715,88,,,,,,
1e-05,31099,,,,,,,,
,31099,0.011423704214394093,88,,,,,,
1e-05,31149,,,,,,,,
,31149,0.012710305862128735,88,,,,,,
1e-05,31199,,,,,,,,
,31199,0.007999327033758163,88,,,,,,
1e-05,31249,,,,,,,,
,31249,0.0341913141310215,88,,,,,,
1e-05,31299,,,,,,,,
,31299,0.049671389162540436,88,,,,,,
,31327,,88,0.02381220832467079,0.9927029013633728,0.9995130896568298,,,
1e-05,31349,,,,,,,,
,31349,0.019841620698571205,89,,,,,,
1e-05,31399,,,,,,,,
,31399,0.017917515709996223,89,,,,,,
1e-05,31449,,,,,,,,
,31449,0.018109021708369255,89,,,,,,
1e-05,31499,,,,,,,,
,31499,0.017994767054915428,89,,,,,,
1e-05,31549,,,,,,,,
,31549,0.04563607648015022,89,,,,,,
1e-05,31599,,,,,,,,
,31599,0.03599562123417854,89,,,,,,
1e-05,31649,,,,,,,,
,31649,0.01973750814795494,89,,,,,,
,31679,,89,0.023549173027276993,0.9929028153419495,0.999514639377594,,,
1e-05,31699,,,,,,,,
,31699,0.012933525256812572,90,,,,,,
1e-05,31749,,,,,,,,
,31749,0.028754645958542824,90,,,,,,
1e-05,31799,,,,,,,,
,31799,0.013188322074711323,90,,,,,,
1e-05,31849,,,,,,,,
,31849,0.014807941392064095,90,,,,,,
1e-05,31899,,,,,,,,
,31899,0.010045493952929974,90,,,,,,
1e-05,31949,,,,,,,,
,31949,0.05147508159279823,90,,,,,,
1e-05,31999,,,,,,,,
,31999,0.05134444683790207,90,,,,,,
,32031,,90,0.024090049788355827,0.9931027293205261,0.9995129704475403,,,
1e-05,32049,,,,,,,,
,32049,0.005850480403751135,91,,,,,,
1e-05,32099,,,,,,,,
,32099,0.02830217406153679,91,,,,,,
1e-05,32149,,,,,,,,
,32149,0.014529531821608543,91,,,,,,
1e-05,32199,,,,,,,,
,32199,0.023332882672548294,91,,,,,,
1e-05,32249,,,,,,,,
,32249,0.042530301958322525,91,,,,,,
1e-05,32299,,,,,,,,
,32299,0.035969432443380356,91,,,,,,
1e-05,32349,,,,,,,,
,32349,0.02949666418135166,91,,,,,,
,32383,,91,0.02436279132962227,0.9929028153419495,0.9995105266571045,,,
1e-05,32399,,,,,,,,
,32399,0.022064154967665672,92,,,,,,
1e-05,32449,,,,,,,,
,32449,0.04307107999920845,92,,,,,,
1e-05,32499,,,,,,,,
,32499,0.014654687605798244,92,,,,,,
1e-05,32549,,,,,,,,
,32549,0.0017207510536536574,92,,,,,,
1e-05,32599,,,,,,,,
,32599,0.02987510710954666,92,,,,,,
1e-05,32649,,,,,,,,
,32649,0.010137371718883514,92,,,,,,
1e-05,32699,,,,,,,,
,32699,0.023712867870926857,92,,,,,,
,32735,,92,0.024207213893532753,0.9927029013633728,0.9995118975639343,,,
1e-05,32749,,,,,,,,
,32749,0.0054788775742053986,93,,,,,,
1e-05,32799,,,,,,,,
,32799,0.025410573929548264,93,,,,,,
1e-05,32849,,,,,,,,
,32849,0.008357801474630833,93,,,,,,
1e-05,32899,,,,,,,,
,32899,0.028821643441915512,93,,,,,,
1e-05,32949,,,,,,,,
,32949,0.016087183728814125,93,,,,,,
1e-05,32999,,,,,,,,
,32999,0.03118257224559784,93,,,,,,
1e-05,33049,,,,,,,,
,33049,0.02859027124941349,93,,,,,,
,33087,,93,0.024128859862685204,0.9928028583526611,0.9995132088661194,,,
1e-05,33099,,,,,,,,
,33099,0.014116482809185982,94,,,,,,
1e-05,33149,,,,,,,,
,33149,0.012587386183440685,94,,,,,,
1e-05,33199,,,,,,,,
,33199,0.006611611228436232,94,,,,,,
1e-05,33249,,,,,,,,
,33249,0.006868109107017517,94,,,,,,
1e-05,33299,,,,,,,,
,33299,0.014890131540596485,94,,,,,,
1e-05,33349,,,,,,,,
,33349,0.011530018411576748,94,,,,,,
1e-05,33399,,,,,,,,
,33399,0.07289230078458786,94,,,,,,
,33439,,94,0.023818645626306534,0.9931027293205261,0.9995124936103821,,,
1e-05,33449,,,,,,,,
,33449,0.026852751150727272,95,,,,,,
1e-05,33499,,,,,,,,
,33499,0.009921325370669365,95,,,,,,
1e-05,33549,,,,,,,,
,33549,0.00827924907207489,95,,,,,,
1e-05,33599,,,,,,,,
,33599,0.02429093047976494,95,,,,,,
1e-05,33649,,,,,,,,
,33649,0.031161226332187653,95,,,,,,
1e-05,33699,,,,,,,,
,33699,0.01048571988940239,95,,,,,,
1e-05,33749,,,,,,,,
,33749,0.02479061670601368,95,,,,,,
,33791,,95,0.02364199608564377,0.9931027293205261,0.9995140433311462,,,
1e-05,33799,,,,,,,,
,33799,0.026797963306307793,96,,,,,,
1e-05,33849,,,,,,,,
,33849,0.03901030868291855,96,,,,,,
1e-05,33899,,,,,,,,
,33899,0.020110804587602615,96,,,,,,
1e-05,33949,,,,,,,,
,33949,0.03364661708474159,96,,,,,,
1e-05,33999,,,,,,,,
,33999,0.03677445650100708,96,,,,,,
1e-05,34049,,,,,,,,
,34049,0.0399751216173172,96,,,,,,
1e-05,34099,,,,,,,,
,34099,0.024494070559740067,96,,,,,,
,34143,,96,0.023774001747369766,0.9932027459144592,0.9995161294937134,,,
1e-05,34149,,,,,,,,
,34149,0.033139463514089584,97,,,,,,
1e-05,34199,,,,,,,,
,34199,0.022147290408611298,97,,,,,,
1e-05,34249,,,,,,,,
,34249,0.00820899847894907,97,,,,,,
1e-05,34299,,,,,,,,
,34299,0.01502616610378027,97,,,,,,
1e-05,34349,,,,,,,,
,34349,0.009237699210643768,97,,,,,,
1e-05,34399,,,,,,,,
,34399,0.03674223646521568,97,,,,,,
1e-05,34449,,,,,,,,
,34449,0.01464423630386591,97,,,,,,
,34495,,97,0.02382582798600197,0.9927029013633728,0.9995123744010925,,,
1e-05,34499,,,,,,,,
,34499,0.019700106233358383,98,,,,,,
1e-05,34549,,,,,,,,
,34549,0.008587079122662544,98,,,,,,
1e-05,34599,,,,,,,,
,34599,0.02366628497838974,98,,,,,,
1e-05,34649,,,,,,,,
,34649,0.016912637278437614,98,,,,,,
1e-05,34699,,,,,,,,
,34699,0.014776429161429405,98,,,,,,
1e-05,34749,,,,,,,,
,34749,0.034156687557697296,98,,,,,,
1e-05,34799,,,,,,,,
,34799,0.021293828263878822,98,,,,,,
,34847,,98,0.023687483742833138,0.9928028583526611,0.999514639377594,,,
1e-05,34849,,,,,,,,
,34849,0.04245128110051155,99,,,,,,
1e-05,34899,,,,,,,,
,34899,0.018676336854696274,99,,,,,,
1e-05,34949,,,,,,,,
,34949,0.008822230622172356,99,,,,,,
1e-05,34999,,,,,,,,
,34999,0.025997260585427284,99,,,,,,
1e-05,35049,,,,,,,,
,35049,0.005181994289159775,99,,,,,,
1e-05,35099,,,,,,,,
,35099,0.03207642212510109,99,,,,,,
1e-05,35149,,,,,,,,
,35149,0.02203795500099659,99,,,,,,
1e-05,35199,,,,,,,,
,35199,0.03719222545623779,99,,,,,,
,35199,,99,0.023845719173550606,0.9930027723312378,0.9995156526565552,,,
,35200,,100,,,,0.360049843788147,0.928830087184906,0.9943553805351257
